,ADI,AMD,AMKR,ENTG,FORM,FSLR,INTC,IPGP,KLIC,LSCC,MCHP,MPWR,MRVL,MU,OLED,ONTO,POWI,RMBS,SIMO,SLAB,SMTC,SPWR,STM,SWKS,TSEM,TSM,TXN,UCTT,UMC,XLNX,XPER
2021-06-10,166.0187297224,81.56,22.9975667794,115.4211476056,34.05,80.4,56.6212729132,205.21,55.5321335607,50.88,76.2758701034,342.0134399273,51.6609739036,79.0835645461,218.9419507582,73.61,79.8797312632,19.58,63.5785281973,137.4,66.39,26.44,37.6612310223,168.2873334608,27.27,116.8143711459,185.8393578713,56.59,9.203263582,128.5503967216,22.3755840763
2021-06-11,166.2766768344,81.31,23.5057452481,116.2600656985,33.82,79.59,57.0850581741,203.6,56.3557874359,51.41,76.5989886876,345.7582580232,51.9601687331,79.1434158815,221.0351813368,74.98,80.5080772576,19.9,63.805912142,138.89,66.3,25.9,38.0396357761,169.9860014274,27.58,116.8242505751,186.5016577105,57.42,9.1741700196,128.260936243,22.2860419435
2021-06-14,167.1100444272,81.55,23.4858166807,119.2062661435,34.98,78.61,57.4205624054,206.85,56.2168578666,53.17,77.4291548964,350.3695632849,53.6556061006,80.2905664772,214.5561343078,74.8,83.8193609109,20.06,64.6561303701,142.36,67.06,26.04,38.5574528076,172.6780424739,28.17,119.5312141825,188.0733841947,57.87,9.2323571444,128.0912525141,21.6890943914
2021-06-15,166.29651892,80.47,23.5555666666,119.5158668683,34.57,76.17,57.2232069752,207.07,56.1374695413,52.35,76.5293939156,344.015324069,53.4461697199,81.9763790918,214.4663409942,74.26,82.4030889869,20.27,64.1321586714,141.05,66.65,24.02,37.860391419,170.5224228905,27.8,118.009782082,186.4423472772,56.42,9.271148561,126.8036524537,21.3707223637
2021-06-16,164.7091520767,80.11,23.2566381556,119.7156092713,35.03,77.4,56.4633885691,205.72,56.4748699239,51.24,75.7539093134,342.29230936,53.9647740912,80.2905664772,210.7848151369,73.32,81.9841916573,21.94,63.084215274,140.08,65.86,24.62,37.6711890421,169.8469291962,27.58,116.597023703,185.5724609212,56.21,9.1159828947,125.9452524135,21.5796540069
2021-06-17,164.9075729321,84.56,23.4559238296,119.7355835116,34.85,78.53,56.4239174831,209.09,56.0382341346,51.52,74.6801614027,354.6422413783,54.9720633507,80.4401948158,214.8055601788,71.87,82.3133252734,22.25,62.9062626216,142.24,65.92,26.72,37.6911050818,171.3171213544,27.72,118.1295830046,185.4933803434,54.64,9.3487313942,132.0937922365,22.2860419435
2021-06-18,160.9093926956,84.65,22.8680310913,117.0889966712,33.61,76.97,54.9338839854,203.44,53.5573489684,50.75,72.3885049821,352.5308013881,54.1243446669,76.7593376869,208.4501889836,68.57,78.6130655283,22.27,62.0362718765,140.97,63.41,25.37,35.7990813128,167.194623073,26.61,114.827270115,180.9660172633,49.88,8.8832343953,131.6745736122,21.3906206154
2021-06-21,162.8539170786,82.59,22.8979239424,117.7081981206,33.5,78.19,55.1312394155,204.41,55.6313689674,51.75,73.4473397274,352.680195727,54.6728685211,76.8790403578,213.2192116387,69.31,78.7925929553,22.57,62.6788786768,141.3,64.18,25.41,36.0181577492,170.403218121,27.15,113.1909889535,183.9710792204,49.71,8.9899107909,127.2927408488,21.2214854757
2021-06-22,162.3777070256,83.58,23.1171381838,120.544540244,33.19,78.38,55.1312394155,203.41,54.9466446615,52.22,72.5177524158,352.2917704458,54.2141031158,77.4675784895,213.7180633809,69.36,78.3238268959,22.67,61.8780917411,143.02,64.09,25.51,36.3273692946,170.6515613909,27.24,113.3794092085,184.8903909375,51.51,8.8735365411,129.7781084071,21.3010784826
2021-06-23,162.3380228545,83.82,22.9975667794,118.4172836515,33.68,80.19,54.5293053535,206.46,55.2145802595,53.02,72.8060736141,348.6664678211,54.3836468525,78.8242087592,215.2345726771,69.51,78.9721203823,23.08,62.78762752,144.45,64.4,27.05,35.9782594853,172.0820186259,27.35,115.0851083587,183.9611941481,51.98,8.999608645,130.6165456557,21.7388400208
2021-06-24,165.7210984393,86.1,23.7149952058,119.1463434226,35.05,84.51,55.3285948457,210.75,58.8358608386,55.43,74.1283742819,357.899037967,55.9893257712,80.3803434804,219.4648354507,71.82,81.0466595386,23.67,62.9853526893,147.31,66.25,27.78,36.6465554059,176.6117998701,29.05,116.265214166,186.4423472772,54.08,9.2517528527,133.4612434634,21.9676699157
2021-06-25,166.336203091,85.62,23.5256738155,117.598339799,35.62,87.87,55.1707105015,210.98,61.1339812062,55.87,73.9543873519,364.20347907,56.1488963469,81.8267507532,219.6244680082,72.12,80.4582085279,23.05,62.6096748676,147.0,66.12,27.44,36.4271149544,177.5157693728,29.01,115.5611174238,186.0074040992,52.88,9.1450764572,131.8742015286,22.0472629227
2021-06-28,169.2232265373,87.08,23.7947094754,121.2436386547,36.55,92.71,56.7199506283,212.72,62.7357014624,57.2,75.7191119274,372.9679469539,58.4427233735,83.1734058004,224.5032380466,73.57,81.4356356304,23.43,63.7268220743,151.35,67.46,30.68,37.0255889131,181.4892616923,29.41,118.6155089253,189.3287883675,54.53,9.2129614362,135.1081737731,22.3059401952
2021-06-29,170.0466730872,89.52,23.8046737591,123.1012430031,36.54,92.67,55.9996033082,213.77,60.9549068918,57.28,75.9676646846,376.4737341075,58.6022939493,82.7245207846,223.5055345623,73.46,82.8120125706,23.84,63.2226228925,153.23,68.59,29.89,37.1851819688,189.6845896012,29.62,119.2303539678,190.6632731182,53.92,9.2905442693,139.3103414119,22.24624544
2021-06-30,170.8006723378,93.93,23.5854595177,122.8116165187,36.46,90.51,55.3976692462,210.77,60.8852668807,56.18,74.4365797007,372.5334287294,58.1734480269,84.7694414118,221.8194156738,73.04,81.8445592141,23.71,63.3709167695,153.25,68.8,29.22,36.2874710307,190.4792880651,29.43,119.1609359791,190.089938929,53.72,9.1644721654,144.3709090909,22.1268559296
2021-07-01,167.8342805494,93.31,23.1669596023,118.3473738104,36.75,90.17,55.2693882166,210.0,59.3830323547,55.3,73.4224844517,369.2714544036,57.2359708943,79.9115080195,218.5669023148,72.0,82.3232990194,23.4,61.4826414024,151.8,68.06,28.9,36.3373438606,187.7574458263,29.37,117.4354031179,188.6467183838,52.7,8.9899107909,141.5461740748,21.7885856501
2021-07-02,169.322436965,94.7,23.0274596305,118.4272707716,36.53,90.82,56.0094710797,211.19,58.9552437149,54.89,73.6958924845,375.3864093323,57.2658903773,80.1309629161,219.3750421371,71.03,83.3106998678,23.5,61.4134375931,152.58,67.7,28.81,37.1253345729,190.0521376408,29.5,117.9213290386,190.000973279,51.19,9.1159828947,144.2910579244,21.1418924687
2021-07-06,166.9909919139,94.47,22.6687454173,117.7181852408,35.92,91.19,55.3483303887,210.15,55.3240145627,54.74,72.6420287944,382.5188608396,57.3456756652,80.8791046089,217.8585328409,70.04,83.0613562192,23.47,61.1761673899,152.56,66.28,29.59,37.2649784966,189.1978367921,28.6,119.0518505684,189.002580984,51.45,9.135378603,143.9017834875,20.7538765599
2021-07-07,164.1238105532,90.54,22.3997097574,116.7993701867,35.25,91.27,55.2200493591,207.71,52.0807797582,53.32,71.3396123471,375.9949121882,56.5278764644,78.0261909535,216.3719546493,68.68,82.3731677491,23.1,60.5137880727,149.91,64.78,28.19,37.3946478543,187.032283478,27.14,117.266816574,187.5989007277,51.32,9.1256807489,137.184304103,20.3161150217
2021-07-08,162.6158120521,89.74,22.0409955442,115.3911862452,34.59,89.91,54.6575863831,201.3,50.5387509402,52.83,70.1018196167,372.0845331799,56.1788158299,76.9189412481,212.9199005934,67.99,80.8870796035,22.79,61.7001390887,146.49,63.64,27.58,36.58670801,185.1746758186,26.58,116.8899760641,186.0765996048,49.38,9.0384000616,133.5211318383,20.1171325044
2021-07-09,164.9571781459,90.9,22.6986382684,117.8480178028,35.23,92.54,55.2496526736,207.41,52.7672312966,53.99,71.5931361593,381.6609715674,56.9076328826,78.5449025272,217.1401863322,70.06,82.213587814,23.26,63.3808030279,149.43,65.29,27.92,38.0429946429,188.313734751,27.28,119.5576102001,188.0832692669,51.74,9.2420549986,135.3377458769,20.4355045321
2021-07-12,166.2270716206,90.81,23.0174953468,118.387322291,35.41,94.29,55.9798677652,210.31,53.463631408,54.1,72.6718551252,386.0002952117,57.2370981256,79.3628707781,217.8984409803,71.24,82.2734302897,23.62,64.102499896,149.75,65.15,29.04,38.5117992439,189.9329328712,27.7,121.6103992936,189.7143061844,52.56,9.3487313942,134.8286946903,20.4156062804
2021-07-13,165.9393613802,90.26,22.7982811054,117.5683784385,35.26,92.79,56.1180165663,207.96,53.9312143399,53.07,71.5483966631,386.4990680444,56.678005592,78.2556210727,214.5262032032,70.33,81.7149005168,23.11,62.9556939139,148.69,65.48,28.05,38.0729183409,188.3236684818,27.52,122.8698399452,189.002580984,51.07,9.5232927687,133.7107783588,20.0375394974
2021-07-14,164.8480466755,89.05,22.678709701,117.66824964,35.13,90.04,55.7726445635,208.89,53.0258941951,52.72,71.3545255125,381.9303088971,55.9192371536,78.2955219629,211.9022430394,68.15,81.7647692465,22.99,62.2834283382,147.35,64.4,23.94,39.0205021088,190.3004809108,27.21,123.3557658659,189.0816615618,50.27,9.406918519,132.4930480692,19.7390657214
2021-07-15,162.3677859828,86.93,22.5192811618,114.8219203965,34.35,85.6,55.0720327865,207.65,52.4289798139,51.57,68.3271529309,378.5785554614,55.6097395011,76.7294120192,208.4601660184,66.1,79.7400988199,22.89,62.2834283382,144.32,62.44,23.5,38.023045511,189.2177042537,26.71,116.5528029762,186.0963697492,48.35,9.1838678737,129.4686851368,19.8286078542
2021-07-16,159.1732102107,85.89,21.8217813028,112.1154108351,33.84,83.49,54.2431399798,205.88,50.429316637,50.25,66.4928335833,378.5286781782,53.8825429241,74.8241445081,204.0203855131,63.69,78.0645095014,22.59,60.5137880727,140.23,60.92,22.65,37.5143426461,186.8634100544,26.09,114.7776858374,183.9809642926,45.81,9.1450764572,128.3906943886,19.6694218403
2021-07-19,157.7247379662,86.58,21.2737456993,112.4050373195,33.96,83.05,53.91750352,201.86,51.454019658,50.44,65.607985768,379.8055366298,54.7111979292,74.3952099375,204.6389616734,63.96,78.0246145176,22.51,59.1395981459,140.54,59.7,23.34,36.9557669512,185.9097718977,26.17,114.390928472,184.0995851593,46.69,8.9899107909,129.0893920957,19.4505410712
2021-07-20,159.6394992209,87.11,22.2303169345,116.3399626597,34.48,82.68,54.5095698105,208.14,52.7174884315,51.86,68.1183686149,391.3970172613,56.4683458919,75.2032029658,211.6927253077,64.9,79.7700200578,22.73,59.9304988232,143.18,60.93,24.14,36.8460467255,188.164728789,26.66,115.432198302,185.6120012101,49.87,9.067493624,130.8560991553,19.9082008611
2021-07-21,163.5384690298,89.41,23.0274596305,119.4759183877,36.4,85.19,55.4864791898,214.21,54.6873058894,54.42,69.9228616315,404.3052581711,58.2354776498,76.9987430287,218.1678209211,67.63,84.2781532243,23.05,61.1069635807,147.66,61.96,25.43,38.4120535841,191.721004415,27.37,116.8899760641,192.0076429411,52.47,9.16,135.0782295857,20.7240291823
2021-07-22,160.7407349685,91.21,22.7982811054,118.257489729,36.08,83.68,55.2200493591,212.09,54.1600315194,53.27,68.7894610591,404.0059944715,57.8860448164,75.3428560818,219.6543991127,66.18,82.0839291167,22.95,60.4248117465,144.11,60.76,24.55,37.9831472471,189.7739931784,26.84,115.5908679904,181.7963633304,51.41,9.43,136.2161087088,20.29621677
2021-07-23,162.2586545124,92.15,22.8879596587,119.5558153489,36.32,82.95,52.2991889927,215.46,54.2993115416,54.03,69.207029691,413.2432673328,58.8245215692,75.7518402072,222.3382214856,67.2,84.2183107487,23.11,61.2849162331,145.65,61.28,23.75,38.8808581851,191.3832575678,27.04,115.8189556675,185.7108519324,51.88,9.43,137.6035227273,20.5051484132
2021-07-26,162.6058910093,91.82,22.8481025239,118.6070389344,36.0,81.35,53.5918670603,212.83,54.5380772941,53.36,69.2915376285,411.9265070545,58.8544729549,76.1109482198,216.7510819733,66.67,84.2083370027,23.17,60.879579636,142.9,60.94,23.7,39.2997899563,191.5123960682,26.83,114.6884341377,187.1122557387,51.14,9.49,135.1880249397,20.3360132734
2021-07-27,161.3062344064,91.03,23.4061024111,116.3699240202,34.79,81.36,52.4768088798,201.32,52.6378998474,52.46,67.5814946595,406.2604476752,57.8860448164,74.036101925,212.7103828617,64.48,80.9170008413,22.85,59.5350484845,138.04,59.32,23.11,38.6514431676,186.9130787084,26.2,112.5959776221,184.0013380692,49.81,9.23,130.7562851971,19.9778447422
2021-07-28,162.7447856081,97.93,24.4025307811,119.7079139397,36.3,83.48,52.3682633933,209.69,53.4238371159,54.01,68.540908302,429.9421817709,58.8944081359,75.362806527,219.9337560884,67.04,82.2534827978,23.23,60.8894658944,142.45,60.6,24.23,39.2299679944,190.7971674507,26.64,114.1132565173,185.7108519324,51.81,9.47,138.2822576428,20.4056571545
2021-07-29,165.2250463007,102.95,24.4025307811,120.0776912661,36.09,83.74,52.9899329983,214.32,54.3590029798,55.17,70.1067906718,438.9799454991,60.2122691079,76.8890155804,231.5270705764,68.18,84.7868142675,23.52,63.5686419388,144.45,61.54,24.63,41.6039146973,195.3666836181,27.66,115.1842769139,188.6726840905,53.15,10.19,146.976053399,20.8135713151
2021-07-30,166.0980980646,106.19,24.5519950366,120.567396374,37.26,86.04,53.0096685413,218.16,54.0804429352,56.75,71.1457411965,448.1573656204,60.4119450127,77.3877767089,233.9514900434,70.08,96.735361908,23.66,74.1370522394,148.99,61.91,24.77,41.1650337943,183.2872669669,27.85,115.6702028346,189.4578677835,54.01,10.53,149.5612349155,20.6643344271
2021-08-02,166.29651892,108.63,25.169780626,121.2369931543,37.89,88.27,52.9701974552,217.5,54.1301858003,57.09,72.0753285081,453.3446030803,60.4718477842,77.4476280444,229.2323525624,70.52,96.1668583892,23.52,75.4123795815,155.03,62.2,24.18,41.1550592283,186.0885790521,29.32,115.8883736561,189.5572581244,54.13,10.29,148.7028348753,20.6643344271
2021-08-03,167.3481494536,112.56,25.867280485,122.666132551,37.86,92.34,53.3451727726,177.69,53.5034257001,58.12,72.9850315992,455.4194980643,61.2406000179,80.6596497124,228.5339601234,70.97,96.9747318107,24.49,76.6580481483,155.9,62.24,25.31,41.7934314509,186.9428799008,29.5,117.4254862624,188.1856714202,46.43,10.65,146.1875231295,21.0921468394
2021-08-04,171.2173561342,118.77,26.5448517766,124.1352478748,38.5,92.21,53.1872884284,179.87,52.8667170268,58.03,73.328034404,465.2852246947,61.7897087562,81.7768746404,231.0681269736,70.99,98.9096385238,25.0,80.3233784747,157.17,62.36,23.02,41.9131262427,185.552157589,29.25,117.7527424947,191.207137783,46.81,10.95,144.3609276951,20.7737748116
2021-08-05,168.5882798,112.35,27.0430659616,121.886601971,38.3,91.62,53.5203257168,183.62,60.049586747,59.9,74.4564639213,462.3424649819,60.9510699558,81.2880887344,233.2032124301,71.12,99.0791922048,25.01,79.975873129,158.03,62.88,23.5,42.1325666942,184.5587845091,29.49,118.2287515598,191.9823824418,47.74,11.55,150.6991140386,20.7240291823
2021-08-06,169.7788049324,110.11,27.3519587563,121.5068306628,38.65,93.15,53.550119923,181.55,64.9940275378,61.52,74.4316086456,460.6566128074,60.4418963985,81.7968250855,208.6696837501,77.22,99.3584570912,24.91,79.4297933001,157.7,64.23,23.29,41.9929227705,184.7971940483,29.31,117.2271491519,191.7836017601,47.6,11.33,149.9105837691,20.9031134479
2021-08-09,169.9573837023,107.58,27.3519587563,121.6467464079,38.0,94.71,53.6792281498,177.78,68.6749995551,60.37,74.3172743773,458.6415705634,60.381993627,80.0112602452,207.0534041055,78.12,98.6104261454,24.66,79.4099358517,156.52,63.91,23.93,42.5814221633,184.4693809319,29.42,117.2370660074,189.288904204,47.38,11.2,148.6828720837,20.6245379236
2021-08-10,169.6498313764,106.48,26.6943160321,119.9077935756,38.05,95.75,53.5699827271,176.87,69.8787768905,60.4,74.8143798916,457.2549820885,59.6531765743,75.7219145395,204.1101788267,76.98,98.8398223022,24.41,74.8228652887,158.65,64.75,24.31,42.5614730313,183.5952126216,28.81,115.3925308799,188.493781477,46.89,10.83,146.2773556919,20.2663693924
2021-08-11,169.1140950668,107.68,26.6544588973,116.1700443843,37.15,95.91,53.7686107684,173.1,66.3370848955,60.18,74.7994667261,458.1028959041,59.6931117553,74.8440949532,203.3020390044,76.07,98.5406099238,24.39,75.3888025659,158.63,64.5,23.69,42.6113458612,183.5554776984,29.01,115.0256072255,188.3446959656,46.68,10.84,147.6448069187,20.594690546
2021-08-12,167.2489390259,106.5,26.0566018753,113.3417475363,35.2,96.94,53.1727266446,169.78,63.8399930676,59.39,75.1374984758,461.2052629234,59.762998322,70.0759385641,199.4908116942,72.76,97.5631828214,24.0,73.621489665,157.42,64.51,23.87,42.6213204272,182.0654180786,28.52,114.7380184153,186.7246334093,43.46,10.93,145.6784719429,20.1071833785
2021-08-13,168.7370954415,110.55,26.1861375634,116.0800985481,34.97,96.6,53.1230696343,169.12,63.8897359327,58.91,75.3462827918,463.7091025434,60.2921394698,70.7442784764,195.7494236279,72.19,98.2413975455,24.06,74.5448610121,158.64,66.04,22.7,43.0302776323,182.1746891174,28.52,114.5396813048,187.5495732386,43.03,10.42,146.3572068584,20.0176412457
2021-08-16,169.7192786758,107.48,25.9071376198,115.9701647484,35.59,96.83,53.1032068302,168.6,65.1432561331,58.33,74.7696403953,457.4046139383,59.064132655,70.754253699,195.9290102551,71.54,98.3610824969,23.92,72.0626799715,157.79,65.11,21.98,43.0203030663,181.0223763448,28.04,113.6769148742,188.6925621587,42.22,10.33,142.3746299276,20.1171325044
2021-08-17,164.9869412743,107.56,24.5619593203,112.7820845558,34.53,93.51,52.3285574693,166.89,63.2032843943,56.77,72.4233023681,451.5589963393,58.4251697595,70.6046253604,196.9666218788,67.27,96.5458607351,23.64,70.2457234498,155.64,63.29,21.23,42.232312354,178.0231064995,26.99,110.1861817297,185.1840831257,41.16,10.04,142.3746299276,20.0972342526
2021-08-18,164.4710470502,103.44,24.4523521996,111.5628187768,34.47,93.65,51.8319873661,165.35,64.9243875267,56.15,71.4191492294,456.7861356258,57.746271683,70.4450217992,199.3710872761,66.98,97.8324739618,23.26,70.4939415538,155.11,62.96,21.03,42.1425412602,174.6252625883,26.85,109.5316692651,182.6794465355,40.57,10.23,141.047104284,20.2862676441
2021-08-19,165.47307237,103.7,24.3128522278,112.7521026104,34.75,92.99,52.0802724177,168.17,63.6310730341,56.62,71.9247055373,466.0732857703,58.8844243406,70.1058642318,203.2321997605,66.22,98.4807674482,23.39,69.5010691376,155.25,62.83,20.55,41.8133805829,176.5982042141,27.48,109.6010872538,183.9118867624,39.72,10.2,142.244871782,20.2862676441
2021-08-20,165.3242567285,104.65,24.7811735617,112.5122470473,35.15,94.54,51.653222129,167.37,63.6111758881,56.97,72.2188863087,475.0013194753,59.7530145267,70.055988119,202.94286575,65.8,99.7374594371,23.58,69.3918531718,157.78,63.4,20.94,42.222337788,178.2423222357,27.87,107.221041928,183.8423135238,40.46,10.37,144.0015974457,20.7140800564
2021-08-23,168.2906485168,108.77,25.1299234912,115.0507184232,36.37,96.04,52.8648531807,168.59,65.093513268,58.27,73.7346651983,483.9892059202,61.8995305039,71.5622467272,206.8738174783,68.95,101.5028124691,23.8,71.6556022808,158.0,65.31,21.76,43.0502267643,180.2750499714,28.29,110.0374288968,186.7047553411,41.22,10.6,153.234388576,21.1717398463
2021-08-24,164.5404943496,107.65,25.6580305273,115.0807003686,36.71,94.47,53.4408745003,170.38,64.4369074487,58.16,73.8194291494,484.13883777,62.4486392422,71.801652069,207.8116587536,70.0,103.4476929281,23.85,71.2584533143,157.88,66.21,21.82,43.0103285003,181.4209504106,28.65,111.1778672821,186.6749382389,42.64,10.68,152.8051885559,21.2714654226
2021-08-25,162.705101437,108.3,25.966923322,115.6803392763,37.25,93.63,53.4408745003,172.15,66.3967763336,57.84,75.5147081707,482.0838936994,63.097585933,73.8565479187,206.3051264922,72.76,104.2356188577,23.58,71.8938916607,158.7,67.3,21.5,42.8407608787,180.4344795977,29.09,116.0569602,186.9432921593,43.84,11.26,152.964890889,21.0321240395
2021-08-26,166.7231237591,107.27,26.0167447405,116.2599902204,37.29,93.68,52.76553916,169.45,66.3868277606,58.86,77.7534737019,486.0241990776,63.1375211139,72.5896946521,204.0104084783,72.44,105.0335185332,23.55,71.973321454,158.65,68.07,21.24,42.9405065385,180.2650856197,28.95,117.1180637411,186.8240237502,43.55,11.11,150.788946601,20.912453348
2021-08-27,165.8464725347,111.4,27.5213515792,119.9977394117,39.25,94.44,53.5203257168,172.43,69.600216846,61.18,79.4686971823,493.7452025275,61.2406000179,73.8166470284,208.9390636909,75.87,108.1652747595,24.41,73.5023449751,160.09,70.36,21.62,43.8781157405,182.7960309377,29.47,117.5048211066,189.3584774426,46.12,11.29,155.9792724256,21.7202305159
2021-08-30,166.3445698213,111.32,27.8302443739,120.6273602648,39.57,95.69,53.5699827271,172.0,69.6798054301,62.76,79.2842109358,501.705616937,61.8595953229,72.9787283324,208.2207171822,75.29,109.6014941754,24.65,72.9364076978,160.15,69.84,21.53,44.7159792827,185.4365841238,29.39,118.0006638828,190.2629295446,47.33,11.35,154.7815049276,21.4110812294
2021-08-31,162.3299056916,110.72,27.3718873237,120.0676972843,38.88,94.0,53.6891595519,170.68,69.8290340254,62.12,78.461501999,493.7152761575,61.0908430892,73.5173903512,208.1109697989,74.13,108.4831115818,23.8,74.1278545973,157.62,69.92,21.55,44.3169966436,182.8059952893,29.4,118.0204975938,189.746099772,46.24,11.37,155.3005375101,21.3113556531
2021-09-01,160.496907677,109.99,27.7007086858,119.3781125404,39.03,94.06,53.3018348714,169.84,70.7144570242,61.87,77.5889319145,494.8724291293,60.6216047128,73.5373407964,208.3803497397,75.12,108.1935303745,24.11,74.8228652887,159.0,70.96,22.22,44.5464116611,181.0124119931,29.1,119.4584416448,187.2017070455,45.04,11.85,154.1826211786,21.0620417124
2021-09-02,162.0011614825,109.2,28.1291728849,120.9971375912,39.52,94.87,53.3614232838,173.36,72.4355601566,62.82,77.9180154892,496.7927045351,61.2206324274,73.8066718058,208.1209468338,76.64,110.0009165303,24.41,74.8625801853,157.79,78.71,22.25,44.8157249425,182.6166726081,29.03,119.7856978771,188.2552446589,46.56,11.75,153.8532351167,20.9024807903
2021-09-03,161.8218464593,109.92,28.35835141,121.736692244,39.98,94.06,53.1429324384,174.22,73.2115488521,63.07,78.1972379163,500.8976049481,61.410324537,73.6271177995,208.7495000289,77.8,109.6713930875,24.42,74.8228652887,156.82,78.15,21.83,44.7658521126,182.3575994653,29.29,122.9392579339,188.722379261,46.72,12.5,155.6698491553,20.7528924259
2021-09-07,162.648687955,109.15,28.1986984816,121.6167644625,40.42,94.48,53.2819720673,175.59,73.6791317841,63.67,77.7983487348,496.1393121243,61.1407620654,73.4575390158,204.8185483006,79.29,108.8425917012,24.2,76.2823877406,148.03,77.5,21.96,44.9154706023,180.8031606086,29.14,123.6631883871,188.3049398293,46.78,12.25,154.4621002615,20.722974753
2021-09-08,163.0471657842,106.17,27.2806941432,119.7279019033,39.37,95.43,53.2025208508,174.24,70.8835827655,62.76,76.930764765,490.8523200979,60.2721718793,72.0909335235,202.8231413319,76.1,107.5045268124,23.76,74.2668567356,143.79,75.99,21.31,44.1374544559,177.0764930931,28.65,120.8765519848,187.6489635795,45.21,11.84,153.0247792639,20.0548133919
2021-09-09,168.1676058901,106.15,27.8893709328,119.6379560671,39.56,98.89,53.0336870157,174.24,72.9130916615,62.03,77.7684320462,487.1314747661,61.1507458607,72.6894468778,200.9574358162,76.54,107.4046712236,23.63,75.2398717035,144.51,74.87,21.67,44.2571492477,176.7974912471,29.08,121.6599835712,187.3209754546,46.29,12.14,153.8831793041,19.9052250274
2021-09-10,169.2933057578,105.2,27.7097613883,120.567396374,39.46,99.41,53.4706687065,172.49,71.9878743707,62.78,78.5213353762,492.807509602,61.0708754987,73.3178858998,199.8300308789,76.89,107.3547434293,23.6,75.3490876693,144.16,74.13,21.26,44.8356740745,176.6978477306,29.02,121.9475723814,189.4876848858,46.17,12.22,154.7715235318,19.755636663
2021-09-13,172.1523841827,104.8,28.9071583514,123.9953321297,39.32,106.17,54.6127799437,173.56,72.2763829883,64.13,80.1268643317,488.1788977147,62.2789147231,74.1657798184,200.139318959,77.5,109.1421584673,23.71,74.9717961511,145.57,75.98,22.21,45.2845295435,180.5739805207,29.31,122.5921679905,192.797383237,47.06,12.17,154.7315979485,20.4138254665
2021-09-14,172.8098726009,105.73,28.737527115,127.9829308659,39.18,105.16,54.1460040468,173.18,71.1521942371,65.2,80.1019337579,494.2439753601,62.1990443611,73.3079106772,196.7171960077,79.54,108.2035159334,23.65,74.6838631504,143.54,76.5,21.61,46.5014265929,177.4949958622,31.2,122.0665746477,193.920494089,46.23,11.96,155.2905561142,19.755636663
2021-09-15,173.4175512905,105.6,28.7973969631,131.0111073497,39.05,104.7,54.7418881706,172.29,70.614971294,65.68,80.8697954322,494.7726745628,62.358785085,73.6370930221,195.0310771192,79.05,109.3718263214,23.62,74.8327940128,144.55,76.4,21.69,47.1198496836,176.1398440384,31.0,120.4897946194,196.295923236,47.23,11.97,157.4665004023,20.1345938529
2021-09-16,172.5508620119,106.22,29.0169197397,132.9899157451,39.04,103.29,54.4538775107,171.72,68.0283423089,66.91,81.328517991,497.6057042524,63.1475049092,74.4450860504,199.3655449331,78.91,109.1521440262,23.56,75.210085531,146.67,78.43,21.76,47.0799514197,178.1028213126,31.1,120.2782442906,195.620068918,47.84,12.03,156.9574492156,20.0647859495
2021-09-17,170.8672931833,103.88,27.200867679,131.970529602,38.15,104.02,53.8877875932,166.57,67.2324564673,65.59,80.3263089225,496.2989194308,61.9993684563,74.1159037055,195.5004780115,77.07,107.0352055454,23.37,73.5420598717,144.17,77.65,22.48,45.7433595785,174.63522694,31.09,117.2511239773,195.053543975,46.6,11.73,153.4939048673,19.5661580681
2021-09-20,168.8350562541,101.55,25.8438177874,128.6825095915,37.8,95.69,52.6165681291,161.27,66.9339992767,64.09,78.0376822437,487.4207630091,60.5816695318,72.1906857492,190.5068514978,74.15,105.4874439203,23.16,72.5988310763,141.19,77.23,20.93,44.6960301508,169.8423737985,30.01,114.2140460314,191.4158574988,44.81,11.42,149.6610488737,18.9678046103
2021-09-21,169.9209083388,102.82,25.5245119306,129.9017753705,37.92,95.01,52.5073227064,160.66,64.9741303918,64.89,78.4265991956,491.4608229538,60.9311023653,71.9612556301,189.5480752071,74.37,105.1579204775,22.79,72.4896151105,141.02,77.85,21.09,45.2154030151,170.2409478643,30.11,114.4729444792,191.7836017601,44.7,11.38,150.9686117257,18.7484083425
2021-09-22,173.1884265387,104.38,26.5522776573,133.5096027985,39.44,95.71,53.1330010364,159.59,65.8695019636,67.72,80.5207673984,506.6833698072,62.5684447851,73.7867213607,192.414416826,76.07,106.056620776,23.1,73.9491375624,145.42,81.23,22.25,45.7447638191,172.3035686549,31.24,115.3790890467,194.7255558501,46.7,11.74,153.5338304505,18.9578320527
2021-09-23,176.5555641959,106.15,26.9114967462,134.748856541,40.42,93.45,53.6593653457,162.63,66.7368618351,68.03,82.3556576333,516.4792682411,63.3371970188,73.8565479187,192.2046845124,78.09,106.3861442187,22.98,74.5845759088,146.82,82.39,22.53,46.4239437186,172.722071424,32.5,115.6977332902,197.4587902242,47.2,11.87,155.9094026549,19.2968990121
2021-09-24,177.850617141,105.8,26.9813449024,132.3802828556,40.36,91.15,53.8480619849,164.27,65.6302302749,68.1,82.4204771253,516.6488510042,63.5069215379,73.8665231412,190.4269534735,76.35,106.1165341292,23.0,74.534932288,146.12,81.44,22.19,46.344040201,172.0345311605,32.41,115.1500634967,199.4267189737,46.63,11.99,156.9474678198,19.2968990121
2021-09-27,176.2367819325,108.16,26.9813449024,130.3714925149,39.86,95.56,54.2850436757,164.2,63.7858443413,67.68,82.8093940772,507.8904000623,62.9677965948,74.9937232918,186.2622689611,76.84,106.0266640994,23.04,72.9562651461,146.14,81.7,23.48,46.3340522613,171.1178108091,32.37,115.6579027598,199.1086698828,47.01,11.9,159.3729470032,19.5262678375
2021-09-28,170.6381684315,101.52,25.7240780911,123.5755848943,38.13,95.25,53.6295711395,160.99,61.4030971082,64.46,78.9501412463,488.9869097037,60.6515560985,72.918876997,180.9190885915,74.78,101.7528449023,22.58,71.1194511761,140.8,77.38,22.78,43.7272,166.2053854478,31.28,111.4259089007,193.701835339,45.0,11.53,150.7789652051,19.0675301866
2021-09-29,168.1974917273,100.35,25.1154013015,125.9941284887,37.66,94.07,53.1230696343,159.1,58.3723223849,64.0,76.3224587633,484.0191322902,60.052528384,71.4624945015,172.7794773741,71.8,99.7058053336,22.29,69.2329935852,140.58,76.23,22.16,43.2877306533,165.9562766567,30.34,111.1470951876,191.892931135,41.95,11.32,148.0041371681,18.9478594951
2021-09-30,166.8426671079,102.9,24.8958785249,125.8242307982,37.33,95.46,52.914510191,158.4,58.1031417351,64.65,76.5318755835,484.0890469417,60.2122691079,70.9038820375,170.7420777565,72.25,98.8470472706,22.2,68.488339273,140.16,77.97,22.68,43.5773809045,164.1925864154,29.9,111.1769680855,191.0381742035,42.6,11.43,150.7090954344,18.788298573
2021-10-01,166.7330857048,102.45,25.0455531453,124.7848566915,38.0,96.57,53.4905315106,161.12,58.4919582292,65.74,76.1429586316,482.4909977647,59.7330469362,70.9138713137,171.650917782,73.06,100.3049388659,22.33,68.0713328582,140.34,78.72,24.87,43.2278030151,163.3356521739,30.04,111.087349392,192.6085415894,42.86,11.3,151.5874582663,18.868079034
2021-10-04,163.6349205824,100.34,24.7661605206,120.0776912661,36.0,95.01,53.1032068302,153.19,54.9826401285,63.52,73.1064147375,463.4442491364,57.4966768019,70.5442680965,165.6885277247,71.83,97.1594878213,22.15,66.7905274412,136.83,78.32,23.09,41.7895396985,159.1207314278,29.09,108.5581107092,189.2392090336,41.94,10.69,147.7446208769,18.1301097695
2021-10-05,164.7406965586,101.81,24.9956616052,121.0970774092,36.06,95.6,53.5799141292,153.9,55.3814262763,64.46,73.8044708051,468.9375431823,59.2937599456,70.4243967828,167.7359145953,73.23,98.7272205642,22.11,68.1805488239,137.43,78.39,22.68,42.5785869347,159.7684142848,29.29,108.7970938918,192.6979928961,42.21,10.89,151.4876443081,18.4292864984
2021-10-06,165.4181088683,103.64,25.1453362256,120.2875648838,35.93,95.18,53.6097083354,154.45,55.0524277044,64.05,73.6698457064,466.2508230035,63.6466946713,69.864997319,164.5499808795,72.71,98.7471916819,22.17,69.1237776194,136.54,77.76,23.84,42.1790693467,160.5555980648,29.11,108.8767549527,193.2048836346,41.1,10.53,153.5537932422,18.0802469813
2021-10-07,166.3445698213,106.45,25.6043383948,121.6767283533,36.25,97.52,53.8083363766,158.24,54.8330953231,66.01,74.4177629216,471.6242633611,65.1043287767,70.4643538874,169.833237731,73.09,99.9654298643,22.66,68.0713328582,139.19,78.72,24.72,42.0492261307,161.6616410975,29.51,110.3604422115,194.1192747707,42.56,10.96,157.7759236726,18.359478595
2021-10-08,167.9783289212,105.06,25.1054229935,121.107071391,35.63,98.67,53.4408745003,159.53,52.5600142806,64.79,72.8670812286,468.1485064011,64.5747003155,70.0448042895,168.7945634162,71.87,99.4062385674,22.29,66.6217391304,138.84,77.46,23.96,41.3500703518,160.2865605704,29.21,109.5737892353,194.0497015321,42.5,10.75,155.9792724256,18.1400823271
2021-10-11,167.2610688286,104.68,25.0455531453,122.4762468969,35.87,102.29,53.073412624,158.0,51.0944751874,63.43,71.7551776352,460.2681263971,63.3955275149,69.145769437,169.9131357553,72.32,98.1680292674,22.11,65.8969422666,138.52,76.58,26.14,40.7907457286,158.89155134,29.16,109.7928571527,192.1911021577,42.66,10.61,154.9112630732,18.1301097695
2021-10-12,163.3958338848,105.04,22.3713665944,121.5967764989,35.66,105.27,51.812124562,157.25,49.539209211,62.93,70.2992321228,461.1270778297,63.5454223624,66.6484504021,170.2327278521,70.64,98.2778704149,21.93,66.1451603706,138.58,75.77,27.45,40.7507939698,158.0844388567,28.5,108.7373480961,187.3309144887,42.27,10.34,155.6199421762,18.4093413831
2021-10-13,163.724578094,109.16,22.24164859,121.0371135184,34.79,106.02,51.9015071806,157.28,49.8482684755,63.31,70.0549124991,465.4018593782,63.3755415352,66.3088150134,172.739528362,70.17,97.7985635891,21.8,66.1352316465,139.9,74.76,28.21,41.3700462312,154.6666662423,28.74,109.5140434397,185.9593277846,42.63,10.16,161.3492633749,18.4990944018
2021-10-14,167.5599272005,111.99,22.3514099783,127.8230271571,36.2,106.2,53.5302571189,162.65,50.7455373081,66.11,72.2787196859,479.4746799431,65.2442306344,67.7272922252,176.3549139579,72.61,99.0168017714,22.33,67.4458232359,144.98,77.08,27.49,42.4287678392,159.6687707683,29.54,112.0831126529,191.3164671579,44.87,10.24,165.5015240346,18.7783260154
2021-10-15,171.3853143613,112.12,22.1418655098,129.9017753705,35.97,105.11,54.0864156344,165.08,49.0506961799,66.09,72.577886572,480.453485064,65.6039782685,67.6074209115,176.5846207776,72.2,98.197985944,22.2,67.1777476835,146.69,77.06,27.54,42.468719598,159.9577369661,30.21,114.3733681531,193.2645178392,44.61,10.39,166.839031074,18.5689023052
2021-10-18,172.6704053607,116.43,22.4112798265,129.5819679531,36.23,104.78,54.0963470365,163.22,49.8881470903,67.51,73.6050262144,489.7221702906,67.1229127234,67.1878713137,178.7718291906,72.9,97.9383614133,22.33,67.8231147541,148.21,77.08,27.44,42.7783457286,160.7050633395,30.3,114.8513345184,193.7217134072,44.1,10.38,170.0730033186,18.1899451153
2021-10-19,175.957847452,116.33,22.4013015184,129.1722146995,36.02,108.28,54.8312707891,164.14,51.7425026776,67.82,74.6421380862,495.4651595204,67.8024360322,67.497538874,182.0476481836,74.48,98.6373505343,22.3,68.796129722,149.45,78.52,29.57,43.1079477387,164.1626933605,31.06,116.4644710011,197.0214727244,45.1,10.62,169.9232823813,18.1101646542
2021-10-20,176.2467438782,116.39,23.0199566161,130.7512638231,35.75,103.23,54.9901732221,163.97,52.8391645841,67.84,74.6720547748,500.359185125,67.1428987031,68.1967882038,180.4097386871,73.1,99.3463252142,22.37,68.5975552388,149.71,77.71,28.8,42.7583698492,165.0495206569,31.33,115.1002753336,198.1644616445,44.38,10.42,170.053040527,18.2697255763
2021-10-21,178.1295516214,119.33,23.1097613883,133.7894342887,36.16,106.29,55.6158515521,164.1,56.1789985719,69.43,75.7989167126,516.8690306848,67.0229828251,68.5663914209,181.488362014,73.39,102.0424261096,22.68,68.7762722737,152.63,78.89,29.76,43.827079397,166.3747794258,31.12,115.7973096163,200.0628171553,43.62,10.37,173.4167709171,18.1101646542
2021-10-22,177.7410357379,119.82,22.231670282,137.1973820808,37.15,106.22,49.120714603,162.02,54.9826401285,68.58,74.99116612,510.3270168665,66.2635155976,67.4376032172,173.1689802422,74.35,101.852700491,22.75,67.1082466144,151.51,78.11,29.41,43.8470552764,164.5313743714,31.11,113.7460372987,197.8563515878,43.21,10.25,172.2689103982,18.1101646542
2021-10-25,179.8330443415,122.36,22.8603036876,136.0480741744,38.07,109.04,49.0710575927,159.64,55.491092467,68.74,75.5894998923,522.172556391,67.6225622152,68.6862627346,173.2788400255,74.6,102.9011841725,23.25,70.1464362081,153.44,80.18,30.66,44.456319598,164.5911604813,32.56,113.1585369748,198.9794624397,42.98,10.48,174.9838500603,18.0503293085
2021-10-26,179.1954798147,122.93,22.2017353579,132.85,37.47,108.94,47.9488091596,158.5,54.8430649768,68.47,73.5850817553,522.6819345661,67.6825201542,68.8660697051,173.7881899299,74.58,101.0039279869,22.92,69.7890021383,154.86,80.54,29.62,44.6960301508,163.7441905914,31.9,113.6962491357,195.7790934634,42.67,10.69,171.5602312953,17.900740944
2021-10-27,169.8113269358,122.28,21.8724511931,135.03,36.7,110.23,47.5614844791,157.01,54.0754016423,67.97,72.169025161,524.359886202,67.6525411847,68.1668203753,172.4498980242,73.84,99.0168017714,22.93,71.2485245902,184.06,81.37,31.09,44.9756924623,165.3085937997,31.6,113.2680709335,185.9593277846,42.84,10.86,180.5135433427,17.6115367728
2021-10-28,171.8037160821,121.16,22.0919739696,138.71,39.33,117.88,47.7501811183,159.0,56.7472688326,69.39,74.2233044457,549.0397581792,68.4319943919,69.505383378,179.5408476737,77.99,106.835494368,23.21,69.223064861,186.3,84.31,32.48,48.4514954774,169.2345483481,32.05,115.5184959032,186.7246334093,51.07,10.59,180.5035619469,17.6713721186
2021-10-29,172.8297964924,120.23,21.8724511931,140.78,39.78,119.59,48.6638701081,159.01,56.8270260621,69.44,73.8842486414,524.8193253404,68.4519803715,69.0258981233,182.9664754621,79.21,103.0609531145,23.27,70.9010192445,188.76,85.03,33.66,47.5825447236,166.5342090521,31.87,113.2182827704,187.48,49.57,10.27,179.6651246983,17.8708232711
2021-11-01,174.3240883521,125.23,22.8004338395,142.91,41.39,121.14,49.2100972215,163.26,57.8339610853,72.23,76.6864451414,528.6346677505,68.911657904,70.6241823056,187.1311599745,80.72,104.1294079137,23.49,72.340684248,193.17,87.5,33.85,47.6624482412,169.1946909415,33.39,113.63650334,187.47,53.41,10.35,185.0450970434,18.2697255763
2021-11-02,177.2628623428,127.63,22.4013015184,144.24,41.49,118.65,49.5179706855,177.34,53.9557657979,73.45,78.5612242944,535.3264986791,69.8609919383,70.6841179625,182.7667304015,81.5,102.1322961394,24.25,70.9010192445,198.53,87.61,32.57,48.3616040201,170.1413043478,34.37,113.6265457074,189.34,53.27,10.64,188.5485669751,18.2298353458
2021-11-03,178.1195896757,130.53,22.8203904555,146.12,43.0,116.83,50.0443349948,175.66,55.8799089611,77.71,79.5484750186,538.4027433448,69.2014546092,71.1735924933,184.5644359465,84.29,102.6415596419,23.95,70.1563649323,198.95,88.78,32.95,49.390361809,172.891465402,34.09,113.5269693813,189.19,55.35,10.68,191.2135996581,18.7284632272
2021-11-04,180.0422452019,137.5,23.3492407809,148.44,44.41,116.66,50.31,168.97,56.5478757587,82.04,82.6897273228,534.4176082097,71.4898492815,72.1625308311,184.2847928617,87.51,102.0524116684,23.99,69.9875766215,203.0,90.98,32.71,50.4590713568,170.7690585015,34.99,117.2909545077,191.11,56.17,10.76,197.7713767096,18.439259056
2021-11-05,183.4791164792,136.34,23.4689804772,145.34,44.41,116.31,50.92,171.36,57.1560246341,82.02,85.5218405114,545.613940256,71.8096249562,72.8418016086,174.1277565328,92.81,101.3234658708,24.0,70.1563649323,200.06,90.23,32.59,50.6987819095,163.475153097,35.19,117.3009121403,193.4,58.19,10.79,198.51,18.9179418222
2021-11-08,183.7580509596,150.16,23.7383947939,147.95,43.79,115.03,51.55,170.42,57.9735362371,83.68,83.9362560149,547.6814163788,72.9488257974,74.4800428954,175.1963926068,90.5,102.2021950515,23.99,69.8585032074,202.62,90.52,32.27,51.5877085427,167.1719275575,36.82,120.3977358819,192.36,59.21,11.18,208.01,19.0076948408
2021-11-09,184.2959960291,148.92,23.4689804772,148.47,43.6,114.1,51.2,168.52,57.2856301321,81.14,82.6897273228,552.7951737452,72.8888678584,75.5089383378,172.9892096877,89.91,101.2236102821,24.02,69.65,198.39,90.25,31.87,51.1082874372,163.5747966134,36.7,121.2640499189,190.79,59.77,11.23,205.0,18.3495060373
2021-11-10,180.1717504964,139.87,22.6407809111,145.18,42.54,110.99,50.76,166.69,55.0524277044,80.26,80.7351703335,536.9445234708,70.9202488608,73.3312761394,167.4662587635,86.33,98.038217002,24.02,67.93,195.11,88.16,31.29,49.4103376884,159.7385212299,35.92,117.6992174447,187.02,57.5,11.09,197.89,18.6287376509
2021-11-11,182.4032263402,146.01,23.0498915401,149.87,42.43,113.6,50.53,167.76,56.567815066,82.5,83.2681166359,553.9138081691,73.3685313705,74.4700536193,168.2252899936,88.27,101.3534225474,24.25,70.05,202.38,90.27,32.09,50.4490834171,161.4125323063,36.31,117.6892598121,188.6,57.57,11.4,208.78,19.057557629
2021-11-12,184.0867951688,147.89,23.2494577007,149.76,42.7,110.92,50.31,170.08,58.9705016066,82.46,83.1185331929,561.0850538508,73.4284893095,77.2171045576,172.3300509879,89.6,103.4404043516,23.99,69.0,202.98,89.94,32.09,51.1682150754,163.9733706792,36.59,118.1871414426,190.08,58.89,11.3,213.8,19.2570087816
2021-11-15,184.3557677035,146.49,23.3392624729,149.97,42.66,112.31,50.32,170.23,60.984371653,83.14,82.9789219794,562.2736029262,72.8688818787,76.6976621984,167.626054812,88.26,105.6472128622,24.15,69.38,206.94,89.82,31.53,51.0183959799,162.6281832071,36.81,117.6195563838,189.23,59.51,11.38,215.27,19.4664324918
2021-11-16,186.9558355394,152.45,24.0876355748,153.12,43.28,104.49,50.61,172.82,62.8187879329,84.99,84.0260060808,575.2677402967,73.7682509639,76.7276300268,167.7259273423,91.06,108.7427361124,24.36,69.41,210.1,91.45,31.32,51.3879497487,163.1861868992,37.04,117.5797258534,188.52,60.04,11.32,219.02,19.6259934138
2021-11-17,186.3282329583,151.34,24.3969631236,152.67,43.12,103.94,50.23,170.9,61.4928239914,82.66,82.6298939456,562.8628835603,73.5883771469,75.379077748,162.9919694073,90.46,106.2363608357,25.68,68.6,206.13,90.66,30.92,51.4478773869,162.3890387676,36.67,118.5555738491,189.57,59.0,11.3,216.18,19.4963501647
2021-11-18,187.3742372601,155.02,24.7761388286,153.82,43.05,103.43,49.68,164.81,59.7680739022,84.73,83.31,560.2660536476,75.097318612,76.9374048257,158.8172976418,90.33,107.4845556946,26.91,68.67,204.36,90.85,29.45,52.0671296482,162.5285396906,36.59,122.8672287691,193.47,58.05,11.48,220.57,19.2669813392
2021-11-19,188.081535407,155.41,25.2052060738,154.01,42.97,108.37,49.52,163.9,56.896813638,83.95,82.68,569.894299939,74.5277181914,82.9409597855,153.8636201402,90.02,106.6257976317,27.23,69.78,205.25,91.99,30.59,51.6076844221,160.1370952957,36.37,123.7335428061,195.16,56.77,11.68,220.87,19.0276399561
2021-11-22,184.7940933157,152.52,23.1596529284,151.52,42.6,108.16,49.83,164.2,59.5288022135,80.8,82.69,557.1798211746,72.6990010515,83.7700697051,150.1683365201,89.72,105.1878771541,26.87,70.78,198.91,90.58,30.07,50.6288663317,156.53,36.53,124.221466804,192.5,57.63,11.59,220.53,18.9777771679
2021-11-23,181.7556998676,149.92,23.3392624729,150.09,43.05,107.14,49.1,164.41,60.067163513,79.35,83.31,545.1744767324,73.1686715738,85.3184075067,147.971140854,91.59,105.2677616251,26.94,70.37,198.01,89.52,29.65,49.7798914573,156.8,36.11,120.8458293493,192.64,57.54,11.32,220.25,18.788298573
2021-11-24,181.7756237591,157.8,23.2195227766,151.55,43.45,108.28,49.76,164.35,59.8278918243,79.48,83.91,551.9062588905,73.8082229232,86.1175495979,147.3619184194,92.65,104.8184114759,27.31,71.13,197.77,89.51,30.02,49.3104582915,157.04,36.0,120.1985832297,193.6,57.21,11.41,230.05,18.6885729967
2021-11-26,177.3226340172,154.81,22.1817787419,149.01,41.12,105.92,48.78,157.77,57.4650838986,75.34,80.07,534.3676691729,71.939533824,83.330541555,144.2558827279,90.5,102.2321517281,26.62,68.94,192.64,85.35,28.47,47.4926532663,152.48,34.95,116.5939202251,188.26,53.69,11.13,223.95,18.17
2021-11-29,182.5028457975,161.91,22.3713665944,154.75,42.51,106.85,50.0,163.18,57.9735362371,78.71,84.4,563.6319447267,74.9674097441,86.0476246649,145.9936647546,94.76,103.72,27.48,70.97,198.03,88.2,29.76,49.1007115578,154.92,35.93,118.7746417665,194.38,55.16,11.43,233.08,17.91
2021-11-30,179.5640718068,158.37,21.5132321041,146.08,41.92,103.6,49.2,164.19,57.485023206,75.93,83.43,552.7851859378,71.1201086576,83.909919571,142.867654557,94.16,100.03,26.9,69.03,196.27,85.67,28.65,48.4814592965,151.66,35.48,116.6536660207,192.37,54.81,11.63,228.45,17.92
2021-12-01,180.1518266049,149.11,21.9921908894,148.66,42.35,101.64,48.6,162.4,58.4421099607,74.53,84.47,554.5230644178,70.9002628812,85.0586863271,141.4394773741,94.07,99.4,27.24,69.41,195.48,86.69,27.12,49.4203256281,150.17,36.2,120.1189221688,191.76,56.1,12.23,219.14,18.13
2021-12-02,180.63,150.68,22.2616052061,153.25,41.67,102.04,49.5,162.47,58.4022313459,75.45,84.24,553.7839666734,70.9802067999,82.7911206434,145.763957935,93.73,99.14,27.39,72.1,197.57,89.19,26.89,47.9221346734,149.7,37.57,121.1843888581,193.58,55.25,12.15,218.7,18.79
2021-12-03,180.79,144.01,22.7405639913,148.04,40.95,98.25,49.25,164.54,59.2197429489,74.25,85.27,543.9559642349,83.5314020329,81.5324718499,144.3457680051,92.88,97.7,27.11,75.04,193.14,85.94,24.44,47.2529427136,149.41,36.86,118.8244299296,193.38,53.44,12.08,217.06,18.42
2021-12-06,181.06,139.06,23.0,145.29,42.08,99.11,50.99,169.86,58.3224741164,75.09,83.95,509.5979069295,85.3701121626,82.3615817694,150.2482345443,92.96,90.09,26.97,75.96,193.29,85.33,24.4,48.0819417085,152.42,38.41,118.63523491,194.61,54.13,12.04,213.41,19.48
2021-12-07,186.64,144.85,24.49,153.2,44.32,101.2,52.57,169.12,64.9223848625,79.42,88.89,538.1230847389,91.4458499825,85.7379571046,156.3104971319,98.46,95.95,28.64,87.98,202.36,90.08,24.83,50.0695417085,157.32,38.5,121.8017620798,199.03,57.9,12.54,223.81,19.69
2021-12-08,186.26,145.24,24.42,152.96,44.6,100.71,51.75,170.92,67.8434933952,79.66,87.34,538.3528043081,91.2260042061,85.9277533512,160.6349776928,98.06,93.58,29.27,90.51,204.77,90.7,24.94,49.0707477387,160.08,38.5,121.2839651841,196.39,58.65,11.69,224.75,20.0
2021-12-09,183.68,138.1,23.57,146.65,42.72,96.64,50.48,170.62,68.0927347376,77.18,86.63,514.9613594798,89.9668874869,84.838922252,157.2293244105,95.32,89.54,28.95,88.44,201.13,87.48,23.22,47.5326050251,161.02,36.96,118.993709684,193.4,55.95,11.33,215.02,19.87
2021-12-10,183.43,138.55,23.39,146.89,43.12,97.2,50.59,166.93,66.2084701892,77.21,87.13,502.7962101199,88.9575955135,85.4482680965,157.419082218,92.29,87.82,28.86,89.75,201.39,87.21,23.39,48.331640201,162.48,36.91,118.6252772774,196.0,55.63,11.33,217.18,20.01
2021-12-13,178.47,133.8,22.4,142.28,41.41,97.07,50.0,166.7,57.1560246341,75.13,85.16,479.4247409063,86.5292989835,84.2595442359,155.1320012747,92.07,86.24,28.11,85.61,199.78,85.45,23.75,47.7323638191,159.51,36.78,115.9267588402,193.24,51.87,11.01,209.52,20.42
2021-12-14,176.28,135.6,22.26,143.22,41.39,95.32,49.7,168.52,55.0823366655,75.02,84.89,477.3372891689,85.2302103049,83.2006809651,155.4416061185,91.87,87.2,28.18,85.46,197.58,86.04,21.19,47.5425929648,159.38,36.26,115.7973096163,190.27,51.59,11.08,209.81,19.72
2021-12-15,179.53,146.5,23.06,142.54,43.15,95.18,50.67,170.57,58.4221706533,77.2,87.94,489.8020727494,88.3080511742,85.5681394102,156.7,96.0,89.79,28.7,87.16,203.44,88.43,21.85,49.69,159.94,38.41,119.8898966188,193.44,53.69,11.47,217.73,20.01
2021-12-16,172.6,138.64,21.71,133.43,41.16,91.2,50.83,165.18,54.444278829,70.73,84.53,474.9202397887,83.5314020329,82.6013243968,148.55,90.96,86.36,27.51,84.77,196.91,83.58,20.76,46.69,146.39,36.84,116.57,188.24,51.28,11.01,199.78,19.25
2021-12-17,170.11,137.75,22.14,132.96,41.76,93.16,50.62,165.77,55.8699393074,72.11,84.36,482.4011074985,83.9710935857,82.9109919571,153.87,91.62,87.37,27.43,87.69,197.87,84.79,21.44,46.79,151.7,36.52,116.32,186.3,51.14,11.07,200.14,19.77
2021-12-20,168.32,135.8,21.77,129.84,40.99,85.76,49.6,162.65,56.7771777936,70.36,82.6,476.8978256452,84.1109954434,81.9420321716,150.64,90.53,85.98,27.3,88.88,196.15,82.89,19.86,46.92,149.91,36.41,114.94,184.24,50.21,10.93,196.15,19.08
2021-12-21,172.08,144.25,22.6,132.96,43.03,89.12,50.77,167.39,56.797117101,74.0,85.34,484.8581081081,86.2395022783,90.5827560322,157.26,93.99,87.44,28.31,88.71,198.33,85.17,20.75,47.99,152.63,37.2,117.44,186.37,53.42,11.42,206.43,19.39
2021-12-22,172.29,143.88,22.88,133.47,44.12,87.92,50.97,167.41,55.85,74.73,86.37,492.1991465149,88.2281072555,90.2431206434,158.48,96.71,88.69,29.1,90.3,201.78,86.26,20.56,48.41,152.42,38.28,121.3,186.93,54.62,11.63,215.0,19.44
2021-12-23,172.66,146.14,23.13,136.78,44.51,87.37,51.31,168.9,55.98,75.67,86.93,494.9957325747,87.6185348756,94.3187453083,159.43,99.11,89.37,28.96,92.07,205.13,86.91,20.73,48.59,153.42,38.4,120.68,187.4,56.18,11.58,216.11,19.38
2021-12-27,175.47,154.36,23.71,140.94,45.93,87.86,51.94,171.91,58.67,79.54,89.35,510.4668461695,90.746340694,94.3287345845,161.35,102.27,94.09,29.68,93.88,208.07,90.2,20.91,50.1,155.36,39.865,122.7,191.84,59.2,11.81,222.78,19.5
2021-12-28,174.38,153.15,23.93,139.51,45.25,87.35,51.76,170.87,58.54,78.13,88.03,497.472708799,87.9283175605,92.8403324397,163.97,99.52,91.81,29.25,93.08,204.97,89.05,20.48,49.57,155.94,39.22,122.06,191.1,57.34,11.69,220.27,19.1
2021-12-29,175.52,148.26,24.81,138.9,46.04,87.18,51.83,172.52,59.54,77.9,88.24,497.7124161756,88.4779320014,96.0668686327,167.5,101.04,93.13,29.46,94.34,206.99,89.81,20.22,49.58,156.37,39.34,121.41,190.81,57.86,11.7,217.62,18.85
2021-12-30,174.78,145.15,24.6,138.24,45.57,88.04,51.74,172.27,59.48,76.68,87.08,491.5,87.3787031195,93.7893136729,165.35,100.89,92.69,29.03,94.07,206.19,88.53,21.01,49.19,155.8,39.19,120.42,189.41,57.47,11.64,213.89,18.96
2021-12-31,175.77,143.9,24.79,138.58,45.72,87.16,51.5,172.14,60.54,77.06,87.06,493.33,87.4286680687,93.15,165.03,101.23,92.89,29.39,95.03,206.42,88.93,20.87,48.88,155.14,39.68,120.31,188.47,57.36,11.7,212.03,18.91
2022-01-03,177.15,150.24,26.24,138.39,46.74,88.58,53.21,173.81,65.37,78.55,88.0,494.85,89.3673080967,95.75,171.41,103.61,92.54,29.32,94.97,204.51,89.98,21.55,50.2,159.78,40.22,128.8,190.6,58.47,11.64,221.27,19.54
2022-01-04,175.55,144.42,25.84,139.22,44.94,87.28,53.14,174.56,64.59,74.23,87.47,491.25,88.3080511742,96.34,175.26,102.94,91.53,28.98,93.9,205.34,89.45,21.53,49.64,161.25,40.28,133.4,190.8,59.41,11.51,214.89,19.64
2022-01-05,172.84,136.15,25.05,132.09,42.73,83.51,53.87,169.48,59.76,69.05,84.52,460.53,84.0610304942,94.4,166.11,97.37,86.63,27.91,91.13,196.69,83.17,19.78,48.36,158.08,39.67,127.06,186.82,55.33,11.14,201.66,19.13
2022-01-06,173.39,136.23,25.2,134.97,45.73,83.97,54.01,167.24,61.39,70.97,85.3,465.61,85.53,95.65,164.74,98.94,87.75,28.13,92.01,197.27,84.93,19.15,49.12,158.14,40.05,128.47,186.76,57.02,11.51,204.04,18.95
